Workbook

Sheet PHỎNG VẤN
A2: STT | B2: HỌ VÀ TÊN | C2: VỊ TRÍ ỨNG TUYỂN | D2: QUẢN LÝ TRỰC TIẾP | E2: NGÀY SINH | F2: CCCD | G2: ĐỊA CHỈ | H2: SĐT | I2: EMAIL | J2: LỊCH PV | K2: KẾT QUẢ PV | L2: NGÀY NHẬN VIỆC | M2: GHI CHÚ
A3: 1 | B3: Nguyễn Văn A | C3: Nhân viên TD | D3: Nguyễn Thị B | E3: 01/01/2000 | F3: 012345678910 | G3: 1 Cộng Hòa, Tân Bình, TP.HCM | H3: 0123456789 | I3: abc@gmail.com | J3: 13h ngày 24/02/2025 | K3: Đạt | L3: 01/03/2025
A4: 2

Sheet NHÂN VIÊN
A2: STT | B2: MÃ VÂN TAY | C2: HỌ VÀ TÊN | D2: NGÀY OB | E2: CHỨC VỤ | F2: QUẢN LÝ TRỰC TIẾP | G2: BỘ PHẬN | H2: THÔNG TIN CÁ NHÂN | V2: NGƯỜI THAM CHIẾU | Z2: HỒ SƠ NHẬN VIỆC | AD2: THÔNG TIN HĐ | AH2: THÔNG TIN THANH TOÁN | AJ2: THUẾ | AL2: BHXH | AN2: NGÀY NGHỈ VIỆC
H3: GIỚI TÍNH | I3: NGÀY SINH | J3: NƠI SINH | K3: CCCD | L3: NGÀY CẤP | M3: ĐỊA CHỈ THƯỜNG TRÚ | N3: ĐỊA CHỈ TẠM TRÚ | O3: DÂN TỘC | P3: TÔN GIÁO | Q3: TÌNH TRẠNG HÔN NHÂN | R3: TRÌNH ĐỘ HỌC VẤN | S3: EMAIL NHÂN VIÊN | T3: EMAIL CÁ NHÂN | U3: SĐT | V3: HỌ VÀ TÊN | W3: MỐI QUAN HỆ | X3: SĐT | Y3: ĐỊA CHỈ | Z3: CCCD SAO Y | AA3: SYLL | AB3: ĐƠN XIN VIỆC | AC3: SCAN | AD3: LOẠI HĐ | AE3: SỐ HĐ | AF3: NGÀY BẮT ĐẦU | AG3: NGÀY KẾT THÚC | AH3: STK | AI3: TÊN NGÂN HÀNG | AJ3: MÃ SỐ THUẾ | AK3: SỐ NGƯỜI PHỤ THUỘC | AL3: MÃ SỐ BHXH | AM3: THÁNG BẮT ĐẦU
A4: 1 | C4: Trần Ngọc Thảo | D4: 43962 | E4: Kế toán | G4: HCNS | H4: Nữ | I4: 32640 | J4: Tp.HCM | K4: 079189000698 | L4: 44556 | M4: 63/12 Phan Văn Trị, Phường 14, Bình Thạnh, Hồ Chí Minh | N4: 63/12 Phan Văn Trị, Phường 14, Bình Thạnh, Hồ Chí Minh | O4: Kinh | P4: Không | Q4: Đã kết hôn | R4: Đại học | T4: thaotran0512.2016@gmail.com | U4: 0902869421 | Z4: X | AA4: X | AB4: X | AD4: Không xác định thời hạn | AH4: 9812051989 | AI4: teckcombank | AJ4: =K4 -> 079189000698 | AK4: 2 | AL4: 7912352258 | AM4: 02/2024
A5: =A4+1 -> 2 | C5: Bùi Nguyễn Nhật Huỳnh | D5: 45103 | E5: Nhân sự | G5: HCNS | H5: Nữ | I5: 13/11/1998 | J5: Đồng Tháp | K5: 087198012829 | L5: 13/11/2023 | M5: 50 Trần Thị Mến, Tân Thuận Đông, TP.Cao Lãnh, Đồng Tháp | N5: 622/14 Cộng Hòa, Phường 13, quận Tân Bình, Tp.Hồ Chí Minh | O5: Kinh | P5: Không | Q5: Độc thân | R5: Đại học | T5: huynhbui158@gmail.com | U5: 0772191153 | Z5: X | AA5: X | AB5: X | AD5: HĐLĐ 36 tháng | AH5: 1815131198 | AI5: teckcombank | AJ5: =K5 -> 087198012829 | AK5: 0 | AL5: 8721768696 | AM5: 02/2024
A6: =A5+1 -> 3 | C6: Nguyễn Thị Thanh Hương | D6: 43962 | E6: Senior | G6: Tuyển dụng | H6: Nữ | I6: 36049 | J6: Lâm Đồng | K6: 068198003104 | L6: 44888 | M6: Số 6, Đường DT725, TT Lộc Thắng, Bảo Lâm, Lâm Đồng | N6: Số 6, Hạnh Thông, Phường 3, Gò Vấp, Hồ Chí Minh | O6: Kinh | P6: Không | Q6: Độc thân | R6: Đại học | S6: huong.nguyen@vietstargroup.vn | T6: thanhhuong5329@gmail.com | U6: 0376 841 087 | W6: Chị | X6: 0374694209 | Z6: X | AA6: X | AB6: X | AD6: Không xác định thời hạn | AH6: 19036565656010 | AI6: teckcombank | AJ6: =K6 -> 068198003104 | AK6: 0 | AL6: 6822993492 | AM6: 09/2020
A7: =A6+1 -> 4 | C7: Nguyễn Thị Thu Dung | D7: 44259 | E7: Senior | G7: Tuyển dụng | H7: Nữ | I7: 35294 | J7: Tân Phú | K7: 066196019114 | L7: 44375 | M7: Số 3, Đường B2, Tây Thạnh, Tân Phú, Hồ Chí Minh | N7: Số 3, Đường B2, Tây Thạnh, Tân Phú, Hồ Chí Minh | O7: Kinh | P7: Không | Q7: Độc thân | R7: Đại học | S7: dung.nguyen@vietstargroup.vn | T7: Dungmi178@gmail.com | U7: 0932 683 027 | W7: Em gái | X7: 094.532357 | Z7: X | AA7: X | AB7: X | AD7: Không xác định thời hạn | AH7: 1110091998 | AI7: teckcombank | AJ7: =K7 -> 066196019114 | AK7: 0 | AL7: 8016074294 | AM7: 08/2021
A8: =A7+1 -> 5 | C8: Lê Thị Diễm Châu | D8: 44298 | E8: Nhân viên tuyển dụng | F8: Nguyễn Thị Thu Dung | G8: Tuyển dụng | H8: Nữ | I8: 36869 | J8: Bình Phước | K8: 070300006786 | L8: 28/06/2022 | M8: Ấp 2, Lộc Thuận, Lộc Ninh, Bình Phước | N8: 29/16 Đường số 8, Linh Tây, Thủ Đức, Hồ Chí Minh | O8: Kinh | P8: Không | Q8: Độc thân | R8: Đại học | S8: chau.le@vietstargroup.vn | U8: 0346 424 105 | Z8: X | AA8: X | AB8: X | AD8: HĐLĐ 36 tháng | AH8: 1417081996 | AI8: teckcombank | AJ8: =K8 -> 070300006786 | AK8: 0 | AL8: 7021278317 | AM8: 01/2022
A9: =A8+1 -> 6 | C9: Trần Yến Phương | D9: 09/06/2025 | E9: Nhân viên tuyển dụng | F9: Nguyễn Thị Thu Dung | G9: Tuyển dụng | H9: Nữ | I9: 18/09/2003 | J9: TP.HCM | K9: 079303016136 | L9: 22/12/2021 | M9: 205A/10 Âu cơ, Phường 5, Quận 11, TP.HCM | N9: B5/16B ấp 17, xã Vĩnh Lộc A, huyện Bình Chánh, TP.HCM | O9: Kinh | P9: Không | Q9: Độc thân | R9: Đại học | T9: yenphuong445@gmail.com | U9: 0906094055 | W9: Cha | X9: 0764287412 | Z9: X | AA9: X | AB9: X | AD9: HĐLĐ 12 tháng | AH9: 19035728129017 | AI9: teckcombank | AJ9: =K9 -> 079303016136 | AK9: 0 | AL9: 7932815241
A10: =A9+1 -> 7 | C10: Huỳnh Thị Hồng Thắm | D10: 01/10/2025 | E10: Nhân viên tuyển dụng | F10: Nguyễn Thị Thanh Hương | G10: Tuyển dụng | H10: Nữ | I10: 09/08/2003 | J10: Khánh Hòa | K10: 056303004617 | L10: 10/05/2021 | M10: Quang Đông, Ninh Đông, Ninh Hòa, Khánh Hòa | N10: 137 Tùng Thiện Vương, Phường Phú Định, TP.HCM | O10: Kinh | P10: Không | Q10: Độc thân | R10: Đại học | T10: huynhtham090803@gmail.com | U10: 0353731977 | W10: Chị | X10: 0932850460 | Z10: X | AA10: X | AB10: X | AD10: HĐTV | AF10: 08/11/2025 | AG10: 07/01/2026 | AH10: 3353731977 | AI10: teckcombank | AJ10: =K10 -> 056303004617 | AK10: 0 | AL10: 5620815427
A11: =A10+1 -> 8 | C11: Huỳnh Thị Kim Bích | D11: 10/11/2025 | E11: Nhân viên tuyển dụng | F11: Nguyễn Thị Thanh Hương | G11: Tuyển dụng | H11: Nữ | I11: 02/06/2003 | J11: Bình Định | K11: 052303001138 | L11: 13/04/2021 | M11: Thôn Lộc Khánh, xã Cát Hưng, huyện Phù Cát, Bình Định | N11: 222 Đinh Bộ Lĩnh, Phường 28, quận Bình Thạnh, TP.HCM | O11: Kinh | P11: Không | Q11: Độc thân | R11: Đại học | T11: bichhuynh448@gmail.com | U11: 0985034951 | W11: Em gái | X11: 0865908201 | Z11: X | AA11: X | AB11: X | AD11: HĐTV | AF11: 10/11/2025 | AG11: 09/01/2026 | AH11: 19075497305013 | AI11: teckcombank | AJ11: =K11 -> 052303001138 | AK11: 0 | AL11: 5221009401
A12: =A11+1 -> 9 | C12: Nguyễn Lâm Nhật Linh | D12: 10/11/2025 | E12: Nhân viên tuyển dụng | F12: Nguyễn Thị Thanh Hương | G12: Tuyển dụng | H12: Nữ | I12: 28/04/2003 | J12: Tây Ninh | K12: 072303002773 | L12: 07/09/2022 | M12: Tân Định 1, Suối Đá, Dương Minh Châu, Tây Ninh | N12: 109D/36 Lạc Long Quân, Phường 3, Quận 11, TP.HCM | O12: Kinh | P12: Không | Q12: Độc thân | R12: Đại học | T12: nguyenlamnhatlinh2003@gmail.com | U12: 0829568911 | Z12: X | AA12: X | AB12: X | AD12: HĐTV | AF12: 10/11/2025 | AG12: 09/01/2026 | AH12: 3828040901 | AI12: teckcombank | AJ12: =K12 -> 072303002773 | AK12: 0 | AL12: 7222364503
A13: =A12+1 -> 10 | C13: Bùi Thị Bích Yến | D13: 17/11/2025 | E13: Nhân viên tuyển dụng | F13: Nguyễn Thị Thanh Hương | G13: Tuyển dụng | H13: Nữ | I13: 10/11/2002 | J13: Đắk Lắk | K13: 054302008885 | L13: 05/12/2021 | M13: Thôn Xuân Mỹ, xã Hòa Mỹ, Đắk Lắk | N13: số 41 Đường 36, Linh Đông, Thủ Đức, TP.HCM | O13: Kinh | P13: Không | Q13: Độc thân | R13: Đại học | T13: buithibichyen150@gmail.com | U13: 0354966239 | W13: Chị | X13: 0329274372 | Z13: X | AA13: X | AB13: X | AD13: HĐTV | AF13: 17/11/2025 | AG13: 16/01/2026 | AH13: 19075485064010 | AI13: teckcombank | AJ13: =K13 -> 054302008885 | AK13: 0 | AL13: 5420608827
A14: =A13+1 -> 11 | C14: Lê Thị Mai | D14: 02/12/2025 | E14: TTS | F14: Trần Yến Phương | G14: Tuyển dụng | H14: Nữ | I14: 22/09/2004 | J14: Bình Định | K14: 052304008113 | L14: 10/05/2021 | M14: Lương Bình, Phước Thắng, Tuy Phước, Bình Định | N14: 185 Phan Văn Hớn, phường Tân Thới Nhất, Quận 12, TP.HCM | O14: Kinh | P14: Không | Q14: Độc thân | R14: Đại học | T14: maifat929@gmail.com | U14: 0352835240 | W14: Chị | X14: 0387532520 | Z14: X | AA14: X | AB14: X | AI14: teckcombank | AJ14: =K14 -> 052304008113 | AK14: 0
A15: =A14+1 -> 12 | C15: Lê Thị Trà My | D15: 02/12/2025 | E15: TTS | F15: Trần Yến Phương | G15: Tuyển dụng | H15: Nữ | I15: 23/07/2005 | J15: Bình Thuận | K15: 060305013564 | L15: 06/09/2021 | M15: Thôn Minh Tiến, Hàm Minh, Hàm Thuận Nam, Bình Thuận | N15: 12/43/11D ấp 4, xã Đông Thạnh, huyện Hóc Môn, TP.HCM | O15: Kinh | P15: Không | Q15: Độc thân | R15: Đại học | T15: lemy230705@gmail.com | U15: 0767582259 | W15: Chị | X15: 0902346267 | Z15: X | AA15: X | AB15: X | AI15: teckcombank | AJ15: =K15 -> 060305013564 | AK15: 0
A16: =A15+1 -> 13 | C16: Bùi Thị Minh Tâm | D16: 15/12/2025 | E16: Nhân viên tuyển dụng | F16: Nguyễn Thị Thu Dung | G16: Tuyển dụng | H16: Nữ | I16: 14/11/2004 | J16: Lâm Đồng | K16: 068304006170 | L16: 12/08/2021 | M16: Tổ 1, Thị trấn Lộc Thắng, Bảo Lâm, Lâm Đồng | N16: Nguyễn Cự Lượng, Gò Vấp, TP.HCM | O16: Kinh | P16: Không | Q16: Độc thân | R16: Đại học | T16: buithiminhtam.141104@gmail.com | U16: 0377041702 | W16: Mẹ | X16: 0975417104 | Z16: X | AA16: X | AB16: X | AD16: HĐTV | AF16: 15/12/2025 | AG16: 14/02/2026 | AI16: teckcombank | AJ16: =K16 -> 068304006170 | AK16: 0
A17: =A16+1 -> 14 | C17: Võ Thị Hoàng Lam | D17: 17/12/2025 | E17: Nhân viên tuyển dụng | F17: Nguyễn Thị Thu Dung | G17: Tuyển dụng | H17: Nữ | I17: 06/08/2002 | J17: Bến Tre | K17: 083302009100 | L17: 10/12/2022 | M17: Ấp 4 Tam Hiệp, Bình Đại, Bến Tre | N17: 101/74 Tổ 1, KP1, phường Trưng Mỹ Tây, Quận 12, TP.HCM | O17: Kinh | P17: Không | Q17: Độc thân | R17: Đại học | T17: hnglmm0608@gmail.com | U17: 0376748738 | W17: Anh | X17: 0326047735 | Z17: X | AA17: X | AB17: X | AD17: HĐTV | AF17: 17/12/2025 | AG17: 16/02/2026 | AI17: teckcombank | AJ17: =K17 -> 083302009100 | AK17: 0
A18: =A17+1 -> 15 | C18: Nguyễn Thị Ngọc Muội | D18: 18/12/2025 | E18: TTS | F18: Trần Yến Phương | G18: Tuyển dụng | H18: Nữ | I18: 31/01/2004 | J18: Long An | K18: 080304001684 | L18: 05/04/2021 | M18: Rượng Lưới, Vĩnh Thạnh, Tân Hưng, Long An | N18: 126/6 Năm Châu, phường Bảy Hiền, quận Tân Bình, TP.HCM | O18: Kinh | P18: Không | Q18: Độc thân | R18: Đại học | T18: ngocmuoinguyenthi2004@gmail.com | U18: 0346878985 | W18: Mẹ | X18: 0786617519 | Z18: X | AA18: X | AB18: X

Sheet NGHỈ VIỆC
A2: STT | B2: HỌ VÀ TÊN | C2: NGÀY OB | D2: CHỨC VỤ | E2: QUẢN LÝ TRỰC TIẾP | F2: BỘ PHẬN | G2: NGÀY NGHỈ VIỆC | H2: THÔNG TIN CÁ NHÂN | O2: NGƯỜI THAM CHIẾU | S2: HĐLĐ | V2: HỒ SƠ THÔI VIỆC | AC2: BHXH | AF2: THUẾ
H3: NGÀY SINH | I3: CCCD | J3: NGÀY CẤP | K3: ĐỊA CHỈ THƯỜNG TRÚ | L3: ĐỊA CHỈ TẠM TRÚ | M3: SĐT | N3: EMAIL CÁ NHÂN | O3: HỌ VÀ TÊN | P3: MỐI QUAN HỆ | Q3: SĐT | R3: ĐỊA CHỈ | S3: SỐ HĐLĐ | T3: NGÀY BẮT ĐẦU | U3: NGÀY KẾT THÚC | V3: ĐƠN XIN THÔI VIỆC | W3: THỎA THẬN CD HĐLĐ | X3: BIÊN BẢN BÀN GIAO | Y3: CAM KẾT | Z3: THANH LÝ NGHỈ VIỆC | AA3: QĐTV | AB3: SCAN | AC3: MÃ SỐ BHXH | AD3: TỜ RỜI | AE3: BÌA SỔ | AF3: MÃ SỐ THUẾ | AG3: THƯ XÁC NHẬN THU NHẬP | AH3: CHỨNG TỪ THUẾ
A4: 1 | B4: Bùi Thị Quỳnh Trang | C4: 17/03/2025 | D4: Nhân viên tuyển dụng | F4: Tuyển dụng | G4: ='NHÂN VIÊN'!AN4 -> 0 | H4: 09/03/2002 | I4: 079302000998 | J4: 22/12/2021 | K4: 73 Cao Thắng, Quận 3, TP.HCM | L4: 117 Phan Văn Hân, Phường 17, quận Bình Thạnh, TP.HCM | M4: 0908820062 | N4: tuhoangquynhanh@gmail.com | O4: ='NHÂN VIÊN'!V4 -> 0 | P4: Mẹ | Q4: 0907175085 | R4: ='NHÂN VIÊN'!Y4 -> 0 | S4: ='NHÂN VIÊN'!AE4 -> 0 | T4: ='NHÂN VIÊN'!AF4 -> 0 | U4: ='NHÂN VIÊN'!AG4 -> 0 | V4: X | W4: X | X4: X | Y4: X | Z4: X | AA4: X
A5: =A4+1 -> 2 | B5: Từ Hoàng Quỳnh Anh | C5: 18/03/2025 | D5: TTS | F5: Tuyển dụng | G5: ='NHÂN VIÊN'!AN5 -> 0 | H5: 12/04/2003 | I5: 094303001146 | J5: 08/04/2021 | K5: Đoàn Văn Tố, xã Đại Ân 1, huyện Cù Lao Dung, Sóc Trăng | L5: 891 Nguyễn Kiệm, Phường 3, quận Gò Vấp, TP.HCM | M5: 0397257243 | N5: lehai.vn@gmail.com | O5: ='NHÂN VIÊN'!V5 -> 0 | P5: Cha | Q5: 0337045356 | R5: ='NHÂN VIÊN'!Y5 -> 0 | S5: ='NHÂN VIÊN'!AE5 -> 0 | T5: ='NHÂN VIÊN'!AF5 -> 0 | U5: ='NHÂN VIÊN'!AG5 -> 0 | V5: X | W5: X | X5: X | Y5: X | Z5: X | AA5: X
A6: =A5+1 -> 3 | B6: Lê Thị Hai | C6: 10/03/2025 | D6: Nhân viên tuyển dụng | F6: Tuyển dụng | H6: 36571 | I6: 080300001213 | J6: 15/04/2021 | K6: 261 Ấp Mỹ Tây, Mỹ Lệ, Cần Đước, Long An | L6: 985/71/9/4 Hương lộ 2, Khu phố 8, Bình Trị Đông A, Bình Tân, Hồ Chí Minh | M6: 0987180721 | N6: vongocquynh2K@gmail.com | P6: Cha | Q6: 0989126897 | V6: X | W6: X | X6: X | Y6: X | Z6: X | AA6: X
A7: =A6+1 -> 4 | B7: Võ Ngọc Quỳnh | C7: 44613 | D7: Nhân viên tuyển dụng | F7: Tuyển dụng | H7: 36654 | I7: 068300004998 | J7: 11/08/2021 | K7: Thôn Đồng Lạc 4, Đinh Lạc, Di Linh, Lâm Đồng | L7: 406/36 Cộng Hòa, Phường 13, Tân Bình, Hồ Chí Minh | M7: 0365516837 | N7: dthuonggiang805@gmail.com | V7: X | W7: X | X7: X | Y7: X | Z7: X | AA7: X
A8: =A7+1 -> 5 | B8: Đoàn Thị Hương Giang | C8: 44995 | D8: Nhân viên IT | F8: IT | H8: 36240 | I8: 077099010932 | J8: 44420 | K8: 25/1 Đường 30, Khu phố 7, Linh Đông, Thủ Đức, Hồ Chí Minh | L8: 25/1 Đường 30, Khu phố 7, Linh Đông, Thủ Đức, Hồ Chí Minh | M8: 0927020206 | N8: hanhathoangkhanh@gmail.com | Q8: 0927020206 | V8: X | W8: X | X8: X | Y8: X | Z8: X | AA8: X
A9: =A8+1 -> 6 | B9: Hà Nhật Hoàng Khanh | C9: 44858 | D9: Lễ Tân - Hành chính | F9: HC-NS | H9: 02/02/1999 | I9: 070199000988 | J9: 22/01/2024 | K9: , Nghĩa Trung, Bù Đăng, Bình Phước | L9: Chung cư Mỹ Long, Đường số 18, Hiệp Bình Chánh, Thủ Đức, Hồ Chí Minh | M9: 0866823799 | N9: pkimngan.kim@gmail.com | Q9: 0392 233 201 | V9: X | W9: X | X9: X | Y9: X | Z9: X | AA9: X
A10: =A9+1 -> 7 | B10: Phạm Kim Ngân | C10: 44830 | D10: Nhân viên tuyển dụng | F10: Tuyển dụng | H10: 20/06/2001 | I10: 083301010453 | J10: 21/08/2021 | K10: Ấp 5, xã Thạnh Phú Đông, Huyện Giồng Trôm, Bến Tre | L10: 130 Điện Biên Phủ, Phường 17, Quận Bình Thạnh, TPHCM | M10: 0336481006 | N10: mytien200601@gmail.com | P10: Chị | Q10: 0337249978 | V10: X | W10: X | X10: X | Y10: X | Z10: X | AA10: X
A11: =A10+1 -> 8 | B11: Trương Thị Mỹ Tiên | C11: 45355 | D11: Nhân viên tuyển dụng | F11: Tuyển dụng | H11: 11/06/2003 | I11: 096303001016 | J11: 02/04/2021 | K11: 71/7 Lâm Thành Mậu, Khóm 4, Phường 4, TP.Cà Mau, Cà Mau | L11: 38 Hoàng Xuân Nhị, phường Phú Trung, quận Tân Phú, TP.HCM | M11: 0852816559 | N11: trangthuyvycm@gmail.com | P11: Bạn | Q11: 0907389336 | V11: X | W11: X | X11: X | Y11: X | Z11: X | AA11: X
A12: =A11+1 -> 9 | B12: Trang Thúy Vy | C12: 17/03/2025 | D12: Nhân viên tuyển dụng | F12: Tuyển dụng | H12: 11/06/2003 | I12: 060303000305 | J12: 12/04/2021 | K12: Phong Phú, Tuy Phong, Bình Thuận | L12: Đường số 8, Phường 11, quận Gò Vấp, TP.HCM | M12: 0977929302 | N12: nguyenanhphuong5858@gmail.com | P12: Mẹ | Q12: 0398721826 | V12: X | W12: X | X12: X | Y12: X | Z12: X | AA12: X
A13: =A12+1 -> 10 | B13: Nguyễn Thị Anh Phương | C13: 13/05/2025 | D13: Nhân viên tuyển dụng | F13: Tuyển dụng | H13: 25/12/2000 | I13: 067300006050 | J13: 28/12/2021 | K13: Thôn 2, Kiến Thành, Đắk R'Lấp, Đắk Nông | L13: 793/51 Trần Xuân Soạn, Phường Tân Hưng, Quận 7, TPHCM | M13: 0814391818 | N13: bichngochr.2512@gmail.com | P13: Em | Q13: 0326028977 | V13: X | W13: X | X13: X | Y13: X | Z13: X | AA13: X
A14: =A13+1 -> 11 | B14: Trịnh Thị Bích Ngọc | C14: 04/11/2024 | D14: Nhân viên tuyển dụng | F14: Tuyển dụng | H14: 07/08/2003 | I14: 082303016630 | J14: 17/07/2022 | K14: 313 Mỹ An, Mỹ Đức Tây, Cái Bè, Tiền Giang | L14: 1/38X Thanh Đa, quận Bình Thạnh, TP.HCM | M14: 0396926253 | N14: ngongoctram7803@gmail.com | P14: Cha | Q14: 0342257719 | V14: X | W14: X | X14: X | Y14: X | Z14: X | AA14: X
A15: =A14+1 -> 12 | B15: Ngô Ngọc Trâm | C15: 16/06/2025 | D15: Nhân viên tuyển dụng | F15: Tuyển dụng | H15: 01/03/2002 | I15: 083302007418 | J15: 02/07/2021 | K15: Ấp Thanh Nam, Tân Thanh Tây, Mỏ Cày Bắc, Bến Tre | L15: Đường số 7, Linh Trung, Tp. Thủ Đức, TPHCM | M15: 0384764759 | N15: hanntg.07@gmail.com | P15: Mẹ | Q15: 0356798612 | V15: X | W15: X | X15: X | Y15: X | Z15: X | AA15: X
A16: =A15+1 -> 13 | B16: Nguyễn Thị Gia Hân | C16: 10/06/2024 | D16: Nhân viên tuyển dụng | F16: Tuyển dụng | H16: 29/10/2003 | I16: 079303025156 | J16: 25/01/2022 | K16: 687/60/9/18 Lạc Long Quân, Phường 10, quận Tân Bình, TP.HCM | L16: 687/60/9/18 Lạc Long Quân, Phường 10, quận Tân Bình, TP.HCM | M16: 0343738687 | N16: lathicamtu2910@gmail.com | P16: Mẹ | Q16: 0899514481 | V16: X | W16: X | X16: X | Y16: X | Z16: X | AA16: X
A17: =A16+1 -> 14 | B17: La Thị Cẩm Tú | C17: 03/02/2025 | D17: Nhân viên tuyển dụng | F17: Tuyển dụng | H17: 16/12/2002 | I17: 080302005096 | J17: 31/05/2021 | K17: ấp 1, xã Mỹ Qúy Tây, huyện Đức Huệ, Long An | L17: 207 Nguyễn Văn Đậu, Phường 11, quận Bình Thạnh, TP.HCM | M17: 0584873110 | N17: txtuong161202@gmail.com | P17: Em | Q17: 0947379232 | V17: X | W17: X | X17: X | Y17: X | Z17: X | AA17: X
A18: =A17+1 -> 15 | B18: Trương Xuân Tường | C18: 12/03/2025 | D18: Nhân viên tuyển dụng | F18: Tuyển dụng | H18: 22/08/2001 | I18: 079301027532 | J18: 24/06/2022 | K18: A2 tổ 45 Khu phố 4, phường Trung Mỹ Tây, Quận 12, TP.HCM | L18: 24 QL22, Đông Lân, Bà Điểm, Hóc Môn, TP.HCM | M18: 0398351770 | N18: nguyenngocqhuong.hr@gmail.com | P18: Chị | Q18: 0778001866 | V18: X | W18: X | X18: X | Y18: X | Z18: X | AA18: X
A19: =A18+1 -> 16 | B19: Nguyễn Ngọc Quỳnh Hương | C19: 09/09/2025 | D19: Nhân viên tuyển dụng | F19: Tuyển dụng | H19: 01/05/2003 | I19: 091303001917 | J19: 13/04/2021 | K19: Hẻm 2A, Tổ 12, Kiên Lương, Kiên Giang | L19: 139 Vườn Lài, Khu phố 4, An Phú Đông, TP.HCM | M19: 0867879087 | N19: minhtran.010303@gmail.com | P19: Bạn | Q19: 0923086659 | V19: X | W19: X | X19: X | Y19: X | Z19: X | AA19: X
A20: =A19+1 -> 17 | B20: Trần Ngọc Minh | C20: 22/10/2025 | D20: TTS | F20: Tuyển dụng | H20: 23/03/2004 | I20: 082304001469 | J20: 24/04/2021 | K20: Bình Hòa Đông, Bình Nhì, Gò Công Tây, Tiền Giang | L20: 141/43 đường số 28, phường 6, quận Gò Vấp, TP.HCM | M20: 0378199189 | N20: trantth23032004@gmail.com | P20: Mẹ | Q20: 0373913799 | V20: X | W20: X | X20: X | Y20: X | Z20: X | AA20: X
A21: =A20+1 -> 18 | B21: Trần Thị Huyền Trân | C21: 24/09/2025 | D21: TTS | F21: Tuyển dụng | H21: 04/08/2004 | I21: 052304002696 | J21: 09/05/2021 | K21: Khu phố Mỹ Điều, thị trấn Tuy Phước, Tuy Phước, Bình Định | L21: Đường Số 6, E40, ấp Mỹ Hòa 2, Xuân Thới Đông, Hóc Môn, TP.HCM | M21: 0384891372 | N21: ntgiaman2004@gmail.com
A22: =A21+1 -> 19 | B22: Nguyễn Trần Gia Mẫn | C22: 01/10/2025
